time,x,y,z,qw,qx,qy,qz,vx,vy,vz,
1642689804315834624,0.00565,0.07495,0.03614,0.95770,0.06288,0.27336,0.06432,-0.01564,0.27209,0.03926,
1642689804415834368,-0.00266,0.10159,0.04120,0.95799,0.04149,0.26503,0.10144,-0.03612,0.28726,0.02890,
1642689804549167872,-0.01604,0.13833,0.04621,0.95341,0.01069,0.25923,0.15393,-0.05196,0.29891,0.00762,
1642689804615834368,-0.02550,0.15369,0.04642,0.94846,-0.00397,0.25909,0.18241,-0.06553,0.29882,-0.00339,
1642689804682501120,-0.03380,0.17004,0.04516,0.94202,-0.01898,0.26056,0.21059,-0.07732,0.29738,-0.01812,
1642689804815834624,-0.04722,0.20682,0.04008,0.92482,-0.04920,0.26950,0.26394,-0.09219,0.28970,-0.04378,
1642689804915834368,-0.05840,0.23190,0.03307,0.90996,-0.06912,0.27757,0.30024,-0.11525,0.26257,-0.06180,
1642689805149167872,-0.08821,0.28154,0.01582,0.87080,-0.10783,0.29714,0.37655,-0.10640,0.16957,-0.08930,
1642689805182501120,-0.08944,0.28165,0.01066,0.86581,-0.11147,0.30070,0.38409,-0.08660,0.14047,-0.09866,
1642689805315834624,-0.09484,0.29404,-0.00133,0.84676,-0.12017,0.32333,0.40499,0.02459,0.07509,-0.13059,
1642689805349167872,-0.08789,0.29365,-0.00912,0.84281,-0.12076,0.33182,0.40619,0.05792,0.05376,-0.14868,
1642689805382501120,-0.08992,0.29644,-0.01063,0.83975,-0.12117,0.34038,0.40531,0.07406,0.03534,-0.15163,
1642689805482501120,-0.07376,0.28815,-0.02833,0.83437,-0.11753,0.36688,0.39422,0.12885,-0.06335,-0.15575,
1642689805582501120,-0.03280,0.26387,-0.03459,0.83260,-0.10668,0.39307,0.37536,0.21348,-0.16825,-0.13481,
1642689805749167616,0.01413,0.22824,-0.05060,0.83893,-0.08094,0.42603,0.32886,0.24542,-0.28334,-0.06278,
1642689805849167872,0.04453,0.19824,-0.05300,0.84971,-0.06003,0.43609,0.29019,0.26427,-0.35129,-0.00612,
1642689805882501120,0.06023,0.19161,-0.05432,0.85333,-0.05233,0.43853,0.27710,0.28037,-0.36085,0.00521,
1642689806115834368,0.12443,0.10101,-0.04590,0.88040,0.01153,0.43658,0.18483,0.21170,-0.40417,0.07622,
1642689806182501120,0.14035,0.07187,-0.04101,0.88870,0.02670,0.42995,0.15697,0.18499,-0.38588,0.09314,
1642689806282501120,0.15854,0.03337,-0.03267,0.90075,0.04398,0.41427,0.12282,0.12903,-0.33351,0.12987,
1642689806315834624,0.16035,0.02142,-0.02501,0.90506,0.04808,0.40708,0.11332,0.10138,-0.31211,0.14913,
1642689806415834368,0.16652,-0.00437,-0.00578,0.91812,0.05788,0.38047,0.09463,0.05897,-0.23333,0.18070,
1642689806549167872,0.16759,-0.02246,0.02016,0.93492,0.06089,0.33940,0.08386,-0.00167,-0.09558,0.17366,
1642689806582501120,0.16340,-0.01591,0.02940,0.93878,0.05977,0.32857,0.08467,-0.01905,-0.05190,0.17886,
1642689806882501120,0.16108,0.00505,0.07134,0.94604,0.01073,0.24661,0.20995,-0.01822,0.25246,0.09847,
1642689806915834368,0.15167,0.01595,0.07693,0.94302,-0.00181,0.24325,0.22704,-0.03465,0.28945,0.07922,
1642689807015834368,0.13990,0.04784,0.07971,0.92963,-0.04389,0.24157,0.27479,-0.07337,0.32275,-0.01228,
1642689807082501120,0.13249,0.06668,0.07889,0.91701,-0.07010,0.24423,0.30744,-0.08811,0.28605,-0.05512,
1642689807282501120,0.10377,0.11510,0.06643,0.87044,-0.11931,0.26281,0.39879,-0.05882,0.15988,-0.11102,
1642689807315834624,0.10417,0.12371,0.05019,0.86384,-0.12469,0.26579,0.40938,-0.04417,0.14372,-0.15427,
1642689807382501120,0.08971,0.14858,0.04699,0.85167,-0.13597,0.27566,0.42447,-0.01718,0.13388,-0.18059,
1642689807482501120,0.09480,0.16334,0.02044,0.83932,-0.15403,0.29869,0.42731,0.09084,0.09276,-0.20472,
1642689807515834368,0.08894,0.17895,0.00774,0.83747,-0.16008,0.30582,0.42365,0.11344,0.07500,-0.20656,
1642689807549167872,0.09724,0.17823,0.00002,0.83692,-0.16480,0.31221,0.41826,0.15169,0.02771,-0.19634,
1642689807749167616,0.15072,0.15302,-0.02873,0.84177,-0.16712,0.35193,0.37369,0.31360,-0.25798,-0.13581,
1642689807782501120,0.15660,0.14624,-0.03924,0.84512,-0.16272,0.35863,0.36149,0.33127,-0.28905,-0.13135,
1642689807882501120,0.18705,0.11729,-0.05460,0.85844,-0.14451,0.37895,0.31400,0.37359,-0.38710,-0.10304,
1642689808015834368,0.23929,0.05860,-0.06289,0.87723,-0.10968,0.40328,0.23622,0.36288,-0.51970,-0.03593,
1642689808082501120,0.26593,0.02719,-0.06589,0.88570,-0.08805,0.41128,0.19656,0.31938,-0.54940,0.00654,
1642689808349167872,0.33455,-0.10083,-0.04078,0.91230,-0.03310,0.40128,0.07478,0.16979,-0.33873,0.23949,
1642689808415834368,0.34812,-0.11721,-0.01836,0.91926,-0.03050,0.38777,0.06054,0.13249,-0.25255,0.30910,
1642689808515834368,0.35206,-0.14082,0.00940,0.93091,-0.02251,0.36058,0.05367,0.03373,-0.13336,0.35061,
1642689808615834368,0.35721,-0.13919,0.04387,0.94273,-0.01521,0.32681,0.06500,-0.06732,0.02134,0.32672,
1642689808649167872,0.36170,-0.12510,0.04992,0.94624,-0.01607,0.31475,0.07285,-0.08913,0.09571,0.30462,
1642689808815834624,0.33882,-0.08313,0.09107,0.95483,-0.03131,0.25843,0.14328,-0.11487,0.29133,0.16353,
1642689808882501120,0.32630,-0.05343,0.09920,0.95160,-0.04101,0.24674,0.17858,-0.09541,0.35980,0.09479,
1642689808949167616,0.31870,-0.02847,0.09968,0.94513,-0.05421,0.24342,0.21105,-0.10464,0.38404,0.01041,
1642689809082501120,0.30143,0.01636,0.09036,0.92572,-0.07907,0.24744,0.27491,-0.16585,0.30715,-0.14494,
1642689809182501120,0.27899,0.04418,0.06819,0.90514,-0.10241,0.25004,0.32819,-0.17528,0.28282,-0.20668,
1642689809215834368,0.27269,0.05262,0.06025,0.89886,-0.11132,0.25159,0.34110,-0.18368,0.27748,-0.22439,
1642689809315834624,0.25067,0.08224,0.03744,0.88570,-0.14005,0.25471,0.36200,-0.20276,0.25551,-0.23645,
1642689809415834368,0.24510,0.10599,-0.00165,0.86888,-0.16569,0.25681,0.38940,-0.18032,0.23484,-0.22896,
1642689809482501120,0.23772,0.11232,-0.02010,0.85486,-0.17974,0.25706,0.41332,-0.18018,0.21663,-0.16290,
1642689809682501120,0.20096,0.15689,-0.00603,0.81759,-0.19206,0.24136,0.48622,-0.00339,0.11235,0.19087,
1642689809782500864,0.20644,0.16549,0.00881,0.80970,-0.17120,0.22943,0.51229,0.12263,0.01300,0.23775,
1642689810015834368,0.25449,0.15351,0.05134,0.84526,-0.09174,0.21220,0.48176,0.38568,-0.13643,0.08473,
1642689810082501120,0.29417,0.13755,0.05841,0.85727,-0.07117,0.22029,0.45989,0.45292,-0.17032,-0.00020,
1642689810115834368,0.31406,0.12830,0.05304,0.86266,-0.06250,0.22671,0.44778,0.46872,-0.18881,-0.05629,
1642689810215834368,0.35780,0.10727,0.03493,0.88323,-0.04665,0.24943,0.39436,0.41134,-0.22129,-0.22527,
1642689810315834624,0.39110,0.07643,0.00886,0.90505,-0.04093,0.27419,0.32253,0.32326,-0.28997,-0.31979,
1642689810415834368,0.41652,0.04588,-0.02466,0.91807,-0.03846,0.29870,0.25778,0.22180,-0.37009,-0.34888,
1642689810515834368,0.43441,0.00616,-0.05488,0.92489,-0.03328,0.32076,0.20145,0.14995,-0.41865,-0.27442,
1642689810615834368,0.42895,-0.03138,-0.08653,0.93046,-0.01663,0.33422,0.14922,0.08169,-0.42883,-0.17920,
1642689810682501120,0.45451,-0.06693,-0.08320,0.93368,-0.00247,0.34101,0.10926,0.08195,-0.42117,-0.07834,
1642689810715834368,0.45959,-0.08321,-0.08006,0.93535,0.00503,0.34208,0.08987,0.06770,-0.41624,-0.02090,
1642689810782500864,0.47383,-0.10820,-0.07432,0.93931,0.01781,0.33825,0.05445,0.02797,-0.36126,0.12210,
1642689810949167616,0.47542,-0.14155,-0.03014,0.96089,0.02406,0.27584,0.00427,-0.04022,-0.01024,0.34928,
1642689811015834368,0.47409,-0.14118,-0.01232,0.96919,0.01164,0.24602,-0.00212,0.00675,0.10956,0.32438,
1642689811149167872,0.47808,-0.11123,0.02605,0.97834,-0.01457,0.20628,0.00979,0.08722,0.26861,0.16029,
1642689811315834624,0.49124,-0.04617,0.02948,0.97867,-0.06224,0.19209,0.03797,0.10350,0.49423,-0.10798,
1642689811349167872,0.47845,-0.02053,0.01227,0.97653,-0.07540,0.19513,0.05123,0.06864,0.53116,-0.17110,
1642689811482501120,0.46621,0.03508,-0.02620,0.96284,-0.12519,0.21742,0.10001,-0.05279,0.56488,-0.36388,
1642689811549167616,0.45365,0.06408,-0.05144,0.95467,-0.14330,0.22826,0.12639,-0.14392,0.52636,-0.42897,
1642689811615834368,0.43971,0.09381,-0.08058,0.94463,-0.15313,0.23660,0.16808,-0.24472,0.47959,-0.46130,
1642689811682501120,0.41844,0.12465,-0.10986,0.93072,-0.16015,0.24695,0.21708,-0.32018,0.48731,-0.47418,
1642689811849167872,0.35292,0.20671,-0.18100,0.88625,-0.19358,0.27379,0.31957,-0.44315,0.44555,-0.34797,
1642689811915834368,0.32360,0.23459,-0.19894,0.86541,-0.20890,0.27579,0.36245,-0.47056,0.38437,-0.21456,
1642689812015834368,0.27952,0.26709,-0.20707,0.83820,-0.21864,0.27280,0.41857,-0.40674,0.23416,0.03908,
1642689812115834368,0.24516,0.28019,-0.19341,0.81008,-0.20428,0.26712,0.48030,-0.22384,0.14366,0.21270,
1642689812215834368,0.23195,0.29221,-0.17056,0.79384,-0.18466,0.25433,0.52061,-0.05366,0.14525,0.23960,
1642689812515834368,0.28660,0.32952,-0.12420,0.87667,-0.11265,0.19625,0.42456,0.35534,0.11900,0.04132,
1642689812549167616,0.29955,0.33404,-0.12154,0.88683,-0.10856,0.19783,0.40325,0.38206,0.10275,-0.00408,
1642689812615834368,0.32855,0.33852,-0.12540,0.90528,-0.10081,0.20107,0.36037,0.40696,0.03755,-0.13709,
1642689812682501120,0.35522,0.33876,-0.13855,0.91950,-0.09614,0.20863,0.31900,0.42798,0.01151,-0.27905,
1642689812715834368,0.36881,0.34277,-0.14414,0.92387,-0.09540,0.21630,0.30097,0.43840,0.01345,-0.34521,
1642689812849167872,0.42381,0.34233,-0.21546,0.92707,-0.10588,0.26366,0.24455,0.36007,0.00274,-0.61824,
1642689812949167616,0.44972,0.33477,-0.27665,0.92044,-0.12906,0.30122,0.21305,0.20543,-0.08784,-0.62436,
1642689813049167616,0.47689,0.31604,-0.33118,0.90447,-0.14887,0.33803,0.21334,0.16120,-0.15038,-0.51769,
1642689813249167616,0.49694,0.29001,-0.42106,0.87989,-0.16894,0.39274,0.20737,0.06893,-0.16452,-0.39317,
1642689813282500864,0.49291,0.28940,-0.43612,0.87674,-0.16404,0.39878,0.21305,0.08062,-0.16095,-0.38845,
1642689813415834368,0.51265,0.27421,-0.48392,0.86463,-0.14941,0.41855,0.23431,0.16175,0.03565,-0.32415,
1642689813482501120,0.53983,0.26106,-0.49991,0.86361,-0.15935,0.41974,0.22935,0.24192,0.09527,-0.24215,
1642689813615834368,0.67355,0.21299,-0.49180,0.87754,-0.19153,0.39443,0.19409,0.41290,-0.02021,0.06207,
1642689813649167872,0.69964,0.17333,-0.45525,0.88101,-0.19500,0.38755,0.18870,0.42768,-0.10159,0.17634,
1642689813715834368,0.72407,0.16090,-0.43051,0.88852,-0.19588,0.37266,0.18247,0.35999,-0.17379,0.35339,
1642689813749167616,0.73255,0.14084,-0.41334,0.89336,-0.19291,0.36389,0.17969,0.32126,-0.21340,0.41621,
1642689813782500864,0.73961,0.12164,-0.39320,0.89778,-0.18887,0.35603,0.17764,0.29176,-0.23012,0.46738,
1642689813982501120,0.77665,0.07543,-0.28504,0.92290,-0.16364,0.30791,0.16333,0.13843,-0.21447,0.55296,
1642689814215834368,0.79364,0.03346,-0.16836,0.94110,-0.11694,0.28304,0.14335,-0.02256,-0.19140,0.33423,
1642689814315834368,0.78941,0.00224,-0.14299,0.94389,-0.09110,0.28595,0.13785,-0.08899,-0.20338,0.05243,
1642689814349167872,0.79197,-0.00766,-0.14290,0.94375,-0.08299,0.28803,0.13959,-0.10426,-0.17158,-0.03583,
1642689814415834368,0.78756,-0.01898,-0.15241,0.94215,-0.07166,0.29459,0.14297,-0.15275,-0.06336,-0.16440,
1642689814515834368,0.76363,-0.01188,-0.17153,0.94247,-0.07882,0.30234,0.11889,-0.27153,0.18262,-0.21080,
1642689814649167872,0.71178,0.01269,-0.20400,0.94841,-0.13142,0.27706,0.08047,-0.37753,0.35267,-0.13157,
1642689814682501120,0.70084,0.02597,-0.20816,0.94888,-0.14804,0.26702,0.08002,-0.37832,0.38302,-0.09604,
1642689814782500864,0.66673,0.07261,-0.21627,0.94424,-0.20381,0.24101,0.09375,-0.34441,0.51553,-0.00390,
1642689814882501120,0.63472,0.12558,-0.21774,0.92706,-0.26042,0.22759,0.14472,-0.31028,0.53304,0.02853,
1642689815082500864,0.59687,0.21649,-0.20177,0.88579,-0.26763,0.24220,0.29171,-0.08809,0.34720,0.17778,
1642689815115834368,0.59032,0.22709,-0.19756,0.88480,-0.25320,0.24474,0.30516,-0.07821,0.29053,0.20672,
1642689815182501120,0.57694,0.24157,-0.18405,0.88725,-0.21294,0.24799,0.32548,-0.07760,0.17391,0.21783,
1642689815282500864,0.56305,0.25260,-0.16726,0.89526,-0.14159,0.24991,0.34059,-0.11528,0.08030,0.10237,
1642689815415834368,0.54348,0.25027,-0.16319,0.90191,-0.06186,0.26698,0.33384,-0.15139,0.02660,-0.10766,
1642689815482501120,0.53121,0.25595,-0.17994,0.90013,-0.03883,0.28561,0.32664,-0.18054,0.05842,-0.22910,
1642689815615834368,0.50319,0.27000,-0.22554,0.88797,-0.03370,0.32858,0.32001,-0.28559,0.08519,-0.30611,
1642689815682501120,0.49809,0.27950,-0.25728,0.88140,-0.04028,0.34510,0.32002,-0.33210,0.11527,-0.26723,
1642689815815834368,0.44895,0.29906,-0.28027,0.87806,-0.10185,0.32002,0.34093,-0.34114,0.10809,-0.10273,
1642689815915834368,0.42065,0.30897,-0.28187,0.87971,-0.16497,0.28017,0.34699,-0.16112,0.05294,0.02477,
1642689815982501120,0.41837,0.31499,-0.27239,0.88027,-0.19486,0.26238,0.34397,0.04568,-0.01532,0.17445,
1642689816082500864,0.44514,0.31177,-0.24100,0.88987,-0.19313,0.24556,0.33247,0.33249,-0.13512,0.39758,
1642689816182501120,0.49351,0.29915,-0.20130,0.90250,-0.15426,0.24015,0.32255,0.46003,-0.19485,0.44358,
1642689816282500864,0.53871,0.27633,-0.16405,0.91558,-0.10910,0.24856,0.29670,0.47953,-0.27880,0.31231,
1642689816382501120,0.59005,0.24410,-0.14555,0.91495,-0.05679,0.28338,0.28165,0.52033,-0.39868,0.08228,
1642689816582500864,0.66721,0.16472,-0.16915,0.90163,0.00771,0.36196,0.23660,0.21154,-0.39295,-0.26278,
1642689816749167616,0.68324,0.10350,-0.20984,0.89826,0.00884,0.39353,0.19543,-0.00261,-0.26808,-0.17670,
1642689816782500864,0.68186,0.09371,-0.21391,0.90164,-0.00004,0.39133,0.18415,-0.07529,-0.22398,-0.10095,
1642689816882501120,0.66636,0.07524,-0.21425,0.92052,-0.04585,0.35634,0.15353,-0.19777,-0.11031,0.08865,
1642689816915834368,0.66181,0.07069,-0.21105,0.92622,-0.06292,0.33944,0.15147,-0.18967,-0.09635,0.14162,
1642689817015834368,0.64817,0.06655,-0.19366,0.93626,-0.11498,0.29086,0.15999,-0.11881,0.02144,0.20100,
1642689817082500864,0.64127,0.07117,-0.17943,0.93997,-0.15406,0.26082,0.15713,-0.10421,0.13125,0.18842,
1642689817282500864,0.62320,0.13332,-0.16990,0.91476,-0.26304,0.24171,0.18866,0.10293,0.32183,-0.08384,
1642689817382501120,0.62786,0.16513,-0.18650,0.88527,-0.28390,0.28719,0.23070,0.01125,0.32385,-0.18597,
1642689817415834368,0.62359,0.17487,-0.19125,0.88042,-0.28494,0.29780,0.23448,-0.06605,0.31551,-0.20143,
1642689817482501120,0.61451,0.19693,-0.20598,0.87744,-0.28049,0.30629,0.24002,-0.21349,0.28768,-0.22930,
1642689817582500864,0.58403,0.22350,-0.22766,0.87783,-0.24915,0.30430,0.27338,-0.37533,0.22675,-0.19400,
1642689817715834368,0.52877,0.25943,-0.23659,0.87084,-0.19497,0.31075,0.32719,-0.39774,0.18483,0.00503,
1642689817815834368,0.49035,0.27683,-0.23157,0.86460,-0.13333,0.32089,0.36293,-0.30050,0.09000,0.15221,
1642689817949167616,0.46252,0.28512,-0.20981,0.85003,-0.01797,0.33594,0.40530,-0.05756,0.03521,0.15527,
1642689818015834368,0.46045,0.28581,-0.20327,0.83781,0.04408,0.34519,0.42068,0.05212,0.05848,0.07734,
1642689818082500864,0.46786,0.29561,-0.20292,0.83236,0.07826,0.35880,0.41511,0.12609,0.11512,0.05179,
1642689818182501120,0.48616,0.30419,-0.20384,0.84014,0.08831,0.38292,0.37382,0.20890,0.03379,-0.04805,
1642689818349167616,0.52082,0.29163,-0.22964,0.86209,0.04728,0.39909,0.30870,0.21558,-0.16825,-0.23049,
1642689818382500864,0.52580,0.28264,-0.24495,0.86614,0.03161,0.40438,0.29204,0.21796,-0.20393,-0.26614,
1642689818515834368,0.55091,0.24811,-0.28282,0.87409,-0.04495,0.43164,0.21824,0.18782,-0.30773,-0.29101,
1642689818815834368,0.59168,0.13760,-0.28733,0.90747,-0.14095,0.38834,0.07636,0.09380,-0.27034,0.24768,
1642689818849167616,0.59176,0.12926,-0.27928,0.91367,-0.14790,0.37182,0.07135,0.09041,-0.21038,0.27374,
1642689818882500864,0.59626,0.12273,-0.27037,0.91896,-0.15707,0.35541,0.06726,0.09248,-0.14767,0.28965,
1642689818949167616,0.60833,0.11675,-0.25281,0.92579,-0.17955,0.32624,0.06519,0.11229,-0.04432,0.29532,
1642689819015834368,0.61758,0.12660,-0.24004,0.92770,-0.20141,0.30401,0.07989,0.12043,0.03539,0.28396,
1642689819049167616,0.61875,0.14058,-0.23860,0.92687,-0.20956,0.29706,0.09353,0.11549,0.08151,0.27404,
1642689819182501120,0.64225,0.16023,-0.20668,0.92715,-0.20494,0.26945,0.16061,0.13301,0.18156,0.22535,
1642689819382500864,0.67432,0.21620,-0.18086,0.92450,-0.15607,0.25451,0.23699,0.17011,0.26607,0.03092,
1642689819415834368,0.67772,0.22644,-0.18207,0.92046,-0.15048,0.26400,0.24580,0.14962,0.24420,-0.01871,
1642689819482501120,0.68492,0.23798,-0.18647,0.90837,-0.14578,0.29403,0.25917,0.04614,0.13837,-0.11805,
1642689819582500864,0.67714,0.23836,-0.20667,0.89684,-0.12913,0.32275,0.27355,-0.20317,-0.08345,-0.22552,
1642689819715834368,0.64901,0.16791,-0.23850,0.88948,-0.10758,0.32867,0.29869,-0.37200,-0.27180,-0.21322,
1642689819815834368,0.61588,0.13644,-0.25011,0.88831,-0.10830,0.32578,0.30504,-0.38458,-0.28902,-0.12753,
1642689819882500864,0.59354,0.11536,-0.25282,0.89034,-0.10966,0.32460,0.29984,-0.32925,-0.30333,0.05289,
1642689819982501120,0.56478,0.08432,-0.22987,0.89285,-0.09413,0.32063,0.30193,-0.17865,-0.31477,0.32800,
1642689820115834112,0.56328,0.06615,-0.16141,0.89840,-0.06243,0.30329,0.31144,0.05732,-0.06803,0.46715,
1642689820215834368,0.56985,0.06471,-0.11919,0.91300,-0.06537,0.28426,0.28523,0.14099,0.04585,0.38843,
1642689820349167616,0.59646,0.07807,-0.07975,0.92519,-0.07333,0.26658,0.25997,0.29468,0.15865,0.20043,
1642689820382500864,0.60363,0.08322,-0.07433,0.92504,-0.07689,0.26803,0.25798,0.29399,0.16084,0.12970,
1642689820549167616,0.64404,0.10711,-0.08456,0.92657,-0.10326,0.28903,0.21740,0.23109,0.10341,-0.22522,
1642689820582500864,0.65130,0.10935,-0.09240,0.92409,-0.10875,0.29976,0.21065,0.20345,0.05664,-0.26753,
1642689820682501120,0.66214,0.11031,-0.12007,0.91103,-0.11048,0.33083,0.21993,0.07074,-0.08693,-0.30377,
1642689820782500864,0.65284,0.10677,-0.15005,0.90259,-0.09973,0.35224,0.22653,-0.06610,-0.13104,-0.26052,
1642689820915834368,0.63133,0.09613,-0.18464,0.88925,-0.09577,0.37866,0.23809,-0.11566,-0.19613,-0.14569,
1642689821082500864,0.61359,0.05547,-0.18035,0.90005,-0.07751,0.36331,0.22785,-0.12416,-0.30744,0.22064,
1642689821115834112,0.61139,0.04589,-0.17270,0.90622,-0.06892,0.35098,0.22545,-0.10002,-0.28599,0.27208,
1642689821215834368,0.61100,0.02612,-0.14176,0.92626,-0.04810,0.30967,0.20937,0.01792,-0.12075,0.35126,
1642689821282500864,0.62092,0.02730,-0.12208,0.93725,-0.04223,0.28837,0.19136,0.08990,0.00209,0.36159,
1642689821382500864,0.63461,0.03540,-0.08887,0.94657,-0.03404,0.27281,0.16861,0.13184,0.11026,0.29415,
1642689821482501120,0.65035,0.05137,-0.06653,0.94225,-0.01661,0.27435,0.19136,0.11899,0.20736,0.12762,
1642689821849167616,0.61532,0.16285,-0.09126,0.90756,-0.04081,0.29705,0.29400,-0.29724,0.23955,-0.18847,
1642689821915834112,0.59173,0.17263,-0.09975,0.89379,-0.05109,0.30394,0.32581,-0.29604,0.14081,-0.18596,
1642689822049167616,0.55544,0.17553,-0.12265,0.86834,-0.06631,0.31403,0.37812,-0.27057,-0.10243,-0.12315,
1642689822182501120,0.52923,0.14811,-0.13208,0.86490,-0.06328,0.30302,0.39513,-0.11545,-0.28264,-0.04880,
1642689822482501120,0.56408,0.07472,-0.12588,0.92468,-0.02692,0.28529,0.25071,0.31838,-0.09910,0.06512,
1642689822582500864,0.59523,0.07303,-0.11722,0.93729,-0.01928,0.28123,0.20501,0.35891,0.08350,0.10925,
1642689822749167616,0.63508,0.10517,-0.10840,0.94155,-0.01661,0.28687,0.17580,0.06133,0.21258,-0.04646,
1642689822782500864,0.64076,0.11607,-0.11341,0.93880,-0.01393,0.29018,0.18509,-0.00590,0.21405,-0.11144,
1642689822849167616,0.62151,0.14821,-0.12908,0.92952,-0.01481,0.29946,0.21472,-0.13067,0.26816,-0.24369,
1642689822949167616,0.59901,0.18149,-0.16250,0.91286,-0.03610,0.32448,0.24516,-0.26177,0.28755,-0.38611,
1642689823049167616,0.55974,0.20331,-0.19937,0.89569,-0.06072,0.35333,0.26310,-0.33607,0.25547,-0.38701,
1642689823082500864,0.55036,0.20864,-0.21041,0.88862,-0.06767,0.36304,0.27200,-0.35905,0.26700,-0.34461,
1642689823149167616,0.52725,0.22390,-0.22995,0.87463,-0.08219,0.37862,0.29140,-0.40971,0.31587,-0.22965,
1642689823215834368,0.50199,0.24403,-0.24132,0.86084,-0.09936,0.38602,0.31633,-0.43746,0.32652,-0.09833,
1642689823282500864,0.47683,0.26810,-0.24379,0.84709,-0.11450,0.38482,0.34819,-0.42383,0.32003,0.04454,
1642689823349167616,0.45020,0.28981,-0.23413,0.83607,-0.12776,0.37277,0.38172,-0.32996,0.28906,0.21244,
1642689823382500864,0.43690,0.30132,-0.22442,0.83184,-0.13209,0.36434,0.39730,-0.26932,0.26461,0.28613,
1642689823549167616,0.41572,0.32357,-0.16197,0.83695,-0.12670,0.31658,0.42805,0.03056,-0.00776,0.35888,
1642689823649167616,0.42766,0.31240,-0.13434,0.85709,-0.10693,0.29903,0.40563,0.15946,-0.18592,0.13563,
1642689823749167616,0.45409,0.28781,-0.13209,0.87778,-0.08197,0.30627,0.35914,0.22507,-0.26470,-0.13958,
1642689823882500864,0.47920,0.25140,-0.17071,0.88287,-0.08433,0.36287,0.28593,0.21992,-0.35761,-0.35013,
1642689823915834112,0.48251,0.24166,-0.18493,0.88381,-0.08561,0.37637,0.26438,0.23104,-0.39767,-0.33182,
1642689823982501120,0.50107,0.21277,-0.19534,0.88661,-0.07987,0.39692,0.22362,0.28548,-0.44906,-0.18760,
1642689824049167616,0.52267,0.18364,-0.20041,0.89227,-0.06532,0.40675,0.18480,0.32599,-0.43332,0.02023,
1642689824082500864,0.53560,0.16894,-0.19551,0.89676,-0.05679,0.40625,0.16602,0.33437,-0.39910,0.13020,
1642689824182500864,0.56970,0.13498,-0.16721,0.91245,-0.03553,0.38793,0.12524,0.26129,-0.21705,0.38477,
1642689824315834368,0.59483,0.12733,-0.11631,0.92904,-0.02488,0.34599,0.12865,0.03765,0.10966,0.29158,
1642689824349167616,0.60335,0.13285,-0.10730,0.93138,-0.02681,0.33591,0.13778,-0.02576,0.18077,0.20496,
1642689824549167616,0.58137,0.17086,-0.13082,0.91063,-0.08712,0.33707,0.22259,-0.13430,0.15179,-0.36234,
1642689824582500864,0.58015,0.17388,-0.14308,0.90239,-0.09509,0.34884,0.23443,-0.09407,0.09342,-0.38685,
1642689824615834112,0.57688,0.17266,-0.15544,0.89397,-0.10083,0.36243,0.24349,-0.04632,0.02584,-0.39487,
1642689824915834112,0.62629,0.11702,-0.20703,0.88136,-0.04118,0.44088,0.16473,0.26774,-0.18524,0.19506,
1642689825049167616,0.66467,0.10085,-0.15999,0.90219,-0.01355,0.41082,0.13072,0.11737,0.03833,0.45160,
1642689825082500864,0.66769,0.10580,-0.14602,0.90685,-0.00721,0.40010,0.13226,0.06585,0.09879,0.45921,
1642689825249167616,0.65318,0.14592,-0.08497,0.91913,0.00766,0.35180,0.17715,-0.27738,0.37401,0.19878,
1642689825282500864,0.63055,0.16079,-0.07999,0.92026,0.00422,0.34485,0.18488,-0.33923,0.39624,0.08709,
1642689825415834112,0.57630,0.21476,-0.09871,0.90809,-0.02312,0.34946,0.22957,-0.42579,0.39491,-0.32887,
1642689825449167616,0.56318,0.22691,-0.11004,0.90220,-0.03188,0.35823,0.23810,-0.45111,0.39053,-0.37444,
1642689825515834368,0.53061,0.25054,-0.13451,0.89063,-0.04887,0.37713,0.24931,-0.50338,0.39608,-0.36924,
1642689825549167616,0.51612,0.26174,-0.14820,0.88479,-0.05712,0.38532,0.25577,-0.50594,0.40363,-0.32244,
1642689825615834112,0.49162,0.28608,-0.16921,0.87094,-0.07411,0.39647,0.28068,-0.44628,0.44418,-0.13522,
1642689825715834368,0.45850,0.33077,-0.15931,0.85334,-0.09637,0.39116,0.33094,-0.28265,0.40393,0.30355,
1642689825815834368,0.43375,0.36100,-0.11478,0.85542,-0.10674,0.35409,0.36259,-0.10819,0.12694,0.50127,
1642689825949167616,0.43020,0.35595,-0.06560,0.88143,-0.09311,0.31323,0.34103,0.04188,-0.16647,0.16307,
1642689826015834368,0.43176,0.34532,-0.06248,0.89570,-0.07631,0.31053,0.30898,0.04225,-0.20695,-0.06386,
1642689826215834112,0.42964,0.32198,-0.11774,0.89872,-0.05172,0.35707,0.24926,-0.10398,0.07369,-0.36159,
1642689826315834368,0.41476,0.33628,-0.15247,0.88636,-0.06749,0.38820,0.24313,-0.17904,0.22702,-0.27472,
1642689826349167616,0.40699,0.34469,-0.15803,0.88139,-0.07345,0.39648,0.24611,-0.20643,0.26221,-0.23072,
1642689826615834112,0.31840,0.45178,-0.17048,0.84066,-0.12753,0.40746,0.33316,-0.31943,0.39888,0.09245,
1642689826715834112,0.29593,0.48874,-0.15693,0.82948,-0.14739,0.39117,0.37043,-0.28682,0.31181,0.19491,
1642689826749167616,0.29050,0.50172,-0.15182,0.82692,-0.15162,0.38572,0.38005,-0.26179,0.28891,0.23854,
1642689826882500864,0.27433,0.53139,-0.10528,0.81910,-0.14846,0.36399,0.41777,-0.11343,0.12371,0.41034,
1642689826915834112,0.28364,0.52834,-0.09424,0.81932,-0.14486,0.35624,0.42523,-0.07604,0.07075,0.44080,
1642689827149167616,0.29452,0.49935,0.02205,0.85473,-0.10695,0.27344,0.42805,0.14613,-0.15957,0.48829,
1642689827282500864,0.33308,0.47693,0.08072,0.87631,-0.09261,0.25576,0.39762,0.31529,-0.19263,0.34165,
1642689827315834368,0.34304,0.46468,0.09019,0.88077,-0.08896,0.25672,0.38784,0.33986,-0.24200,0.27277,
1642689827415834112,0.37519,0.45468,0.10448,0.89060,-0.07032,0.25942,0.36686,0.33994,-0.31877,0.00383,
1642689827449167616,0.38820,0.43358,0.09107,0.89296,-0.06273,0.26013,0.36196,0.32360,-0.34596,-0.09689,
1642689827515834368,0.39403,0.41416,0.06698,0.89644,-0.05322,0.26475,0.35139,0.25023,-0.33672,-0.27588,
1642689827549167616,0.39071,0.40382,0.04082,0.89803,-0.05192,0.26882,0.34435,0.20918,-0.31374,-0.36364,
1642689827582500864,0.38304,0.39622,0.01962,0.89931,-0.05371,0.27392,0.33663,0.16758,-0.28255,-0.43957,
1642689827649167616,0.37248,0.39543,-0.01689,0.90020,-0.06583,0.28465,0.32293,0.09432,-0.23765,-0.54881,
1642689827749167616,0.37893,0.37623,-0.07692,0.90051,-0.08504,0.30028,0.30278,0.03900,-0.23148,-0.60837,
1642689827915834112,0.38097,0.33993,-0.17823,0.89271,-0.10618,0.32827,0.28988,-0.00583,-0.22718,-0.58129,
1642689828049167616,0.38153,0.31258,-0.25470,0.88634,-0.11824,0.33905,0.29237,-0.00710,-0.23524,-0.53993,
1642689828215834112,0.39364,0.26920,-0.32438,0.88454,-0.13242,0.35232,0.27555,0.18375,-0.32550,-0.25247,
1642689828282500864,0.41120,0.24785,-0.33996,0.88135,-0.14096,0.36875,0.25956,0.27263,-0.38849,-0.10138,
1642689828382500864,0.43896,0.20252,-0.33749,0.87764,-0.13547,0.38621,0.24946,0.29543,-0.46457,0.12552,
1642689828415834112,0.45590,0.19019,-0.32678,0.88041,-0.12951,0.38639,0.24251,0.29831,-0.45135,0.21534,
1642689828649167616,0.52873,0.10846,-0.21402,0.90804,-0.08348,0.35764,0.20145,0.27630,-0.25344,0.62718,
1642689828749167616,0.55419,0.09205,-0.14763,0.91716,-0.07514,0.33855,0.19636,0.19790,-0.14698,0.63322,
1642689829215834112,0.48019,0.08344,-0.05633,0.93016,-0.04617,0.22944,0.28289,-0.26830,0.01615,-0.27963,
1642689829249167360,0.47466,0.08275,-0.06774,0.92723,-0.04560,0.23033,0.29174,-0.20443,0.03526,-0.30045,
1642689829282500864,0.46618,0.08030,-0.07590,0.92411,-0.04521,0.23261,0.29977,-0.13014,0.06881,-0.29235,
1642689829415834112,0.47072,0.09656,-0.10481,0.91040,-0.04747,0.25684,0.32087,0.17247,0.19686,-0.18030,
1642689829515834368,0.50703,0.13210,-0.11613,0.90684,-0.06441,0.27587,0.31209,0.33416,0.29351,-0.16628,
1642689829549167616,0.52143,0.14111,-0.12041,0.90570,-0.06965,0.28079,0.30986,0.36991,0.29241,-0.14552,
1642689829615834112,0.55439,0.16289,-0.12696,0.90275,-0.07718,0.29093,0.30732,0.39849,0.25729,-0.06569,
1642689829715834112,0.59176,0.18697,-0.12312,0.90430,-0.08038,0.29504,0.29787,0.30019,0.14318,0.09857,
1642689829749167360,0.58569,0.20624,-0.10797,0.90599,-0.08109,0.29479,0.29277,0.22892,0.11010,0.13554,
1642689829882500864,0.58601,0.21991,-0.08428,0.91127,-0.07451,0.29101,0.28169,-0.04588,-0.13847,0.09679,
1642689829982500864,0.56351,0.20749,-0.08273,0.90898,-0.06109,0.29053,0.29261,-0.23514,-0.25265,0.00368,
1642689830015834368,0.55132,0.20268,-0.08559,0.90704,-0.05703,0.29110,0.29881,-0.29101,-0.27696,-0.02590,
1642689830082500864,0.52858,0.18383,-0.09052,0.90357,-0.04878,0.29252,0.30920,-0.36790,-0.29994,-0.05749,
1642689830149167616,0.50523,0.16266,-0.09495,0.90081,-0.04327,0.29258,0.31791,-0.40488,-0.30220,-0.04933,
1642689830182500864,0.49359,0.15229,-0.09635,0.90021,-0.04063,0.29094,0.32144,-0.41656,-0.29140,-0.04034,
1642689830215834112,0.48257,0.14059,-0.09700,0.90055,-0.03892,0.28803,0.32331,-0.41777,-0.28947,-0.01619,
1642689830382500864,0.43018,0.10492,-0.07382,0.90539,-0.03087,0.27173,0.32477,-0.20469,-0.14724,0.28486,
1642689830415834112,0.42559,0.10188,-0.06197,0.90677,-0.02730,0.26465,0.32709,-0.15894,-0.11641,0.30424,
1642689830549167616,0.41930,0.10100,-0.02299,0.91951,-0.01611,0.22691,0.32056,0.03981,0.11074,0.22496,
1642689830682500864,0.43257,0.12729,-0.00907,0.92480,-0.02195,0.21580,0.31256,0.10714,0.22908,0.00228,
1642689830715834112,0.43431,0.13497,-0.01191,0.92580,-0.02693,0.21441,0.31016,0.09206,0.25565,-0.05692,
1642689830849167616,0.43980,0.17408,-0.03288,0.92665,-0.06418,0.22936,0.29087,-0.00254,0.29461,-0.21324,
1642689830915834112,0.43617,0.19303,-0.05106,0.92074,-0.08983,0.24862,0.28699,-0.07077,0.25208,-0.30574,
1642689831015834112,0.42315,0.21731,-0.09387,0.90379,-0.11956,0.28146,0.29943,-0.16745,0.15996,-0.38593,
1642689831315834368,0.35157,0.26114,-0.17385,0.85293,-0.13606,0.34933,0.36327,-0.23805,0.15772,-0.04042,
1642689831349167616,0.34469,0.26764,-0.17522,0.84819,-0.13409,0.35089,0.37346,-0.23831,0.14832,0.02558,
1642689831382500864,0.33744,0.27393,-0.17415,0.84408,-0.13159,0.35005,0.38429,-0.22381,0.13519,0.09566,
1642689831549167616,0.30876,0.29176,-0.13771,0.82654,-0.11834,0.31798,0.44914,-0.08628,0.04197,0.29428,
1642689831582500864,0.30469,0.29573,-0.12964,0.82545,-0.11444,0.30603,0.46030,-0.04748,0.03497,0.28954,
1642689831849167616,0.34399,0.28745,-0.09008,0.86348,-0.06133,0.24603,0.43601,0.30818,-0.14322,-0.00864,
1642689831949167616,0.37885,0.26776,-0.09553,0.87723,-0.05467,0.26341,0.39760,0.35564,-0.27024,-0.15884,
1642689832015834112,0.38917,0.26289,-0.11145,0.88152,-0.05060,0.27588,0.37980,0.25320,-0.34322,-0.25262,
1642689832082500864,0.39929,0.23918,-0.12363,0.88516,-0.05055,0.28871,0.36135,0.14066,-0.38789,-0.27867,
1642689832115834112,0.40580,0.21758,-0.13238,0.88597,-0.05212,0.29526,0.35378,0.10883,-0.40272,-0.28097,
1642689832349167616,0.42998,0.12008,-0.18260,0.88815,-0.08026,0.33128,0.30823,0.14458,-0.42418,-0.09486,
1642689832382500864,0.43298,0.10690,-0.18638,0.88931,-0.08006,0.33391,0.30201,0.17961,-0.42617,-0.03267,
1642689832415834112,0.43909,0.09231,-0.18661,0.88991,-0.07637,0.33579,0.29912,0.22795,-0.41809,0.01948,
1642689832482500864,0.46423,0.06383,-0.18122,0.89083,-0.06131,0.33732,0.29813,0.31775,-0.36395,0.09688,
1642689832515834112,0.47505,0.05261,-0.17739,0.89284,-0.05272,0.33680,0.29433,0.33014,-0.32155,0.11771,
1642689832615834112,0.52481,0.04771,-0.13450,0.90434,-0.03818,0.32709,0.27150,0.34744,-0.16254,0.21587,
1642689832715834112,0.56614,0.03656,-0.10952,0.91086,-0.03680,0.31708,0.26162,0.36474,-0.09557,0.19071,
1642689832815834368,0.59561,0.01980,-0.09581,0.91541,-0.04023,0.32092,0.23960,0.21401,-0.09025,0.08594,
1642689832915834112,0.59872,0.00910,-0.09820,0.92008,-0.03995,0.32336,0.21747,0.05653,-0.12380,-0.14537,
1642689833015834112,0.58855,0.00067,-0.12917,0.91417,-0.03360,0.33960,0.21872,-0.11235,-0.07643,-0.28118,
1642689833115834112,0.56111,-0.00459,-0.15070,0.90975,-0.02989,0.35124,0.21928,-0.24492,0.01467,-0.28730,
1642689833249167360,0.53343,0.00157,-0.18661,0.90346,-0.03052,0.36532,0.22220,-0.30495,0.16591,-0.20923,
1642689833315834368,0.51550,0.00889,-0.19284,0.90420,-0.03095,0.36720,0.21593,-0.30594,0.20541,-0.10468,
1642689833449167616,0.48260,0.04045,-0.18690,0.89451,-0.03871,0.36253,0.25869,-0.16516,0.32169,0.16382,
1642689833682500864,0.45296,0.12973,-0.12559,0.90973,-0.07047,0.28490,0.29371,-0.05223,0.39761,0.32997,
1642689833749167360,0.44918,0.15416,-0.10453,0.91937,-0.08136,0.26762,0.27662,-0.08610,0.38575,0.26988,
1642689833915834112,0.41488,0.20371,-0.09594,0.93382,-0.11141,0.24976,0.23061,-0.33351,0.21199,-0.19680,
1642689833949167616,0.40354,0.20820,-0.10249,0.93332,-0.11854,0.24872,0.23022,-0.37385,0.19129,-0.27984,
1642689833982500864,0.39214,0.21354,-0.12174,0.93246,-0.12504,0.24801,0.23102,-0.40858,0.17876,-0.35919,
1642689834149167616,0.31683,0.24860,-0.18782,0.92363,-0.17385,0.25537,0.22686,-0.51085,0.32667,-0.38559,
1642689834182500864,0.29804,0.24365,-0.20295,0.92142,-0.18568,0.25599,0.22576,-0.51503,0.32365,-0.33995,
1642689834315834368,0.23183,0.28234,-0.22771,0.90484,-0.22049,0.25654,0.25855,-0.46407,0.31954,-0.05206,
1642689834349167616,0.21203,0.30708,-0.22277,0.89876,-0.22466,0.25478,0.27722,-0.45686,0.34959,0.00603,
1642689834549167360,0.14343,0.38071,-0.19002,0.88528,-0.23245,0.20347,0.34764,-0.17068,0.34948,0.31072,
1642689834582500864,0.13937,0.39543,-0.17702,0.88598,-0.22881,0.19779,0.35153,-0.11420,0.31883,0.31619,
1642689834682500864,0.13376,0.42666,-0.15156,0.89234,-0.21419,0.18999,0.34893,-0.07464,0.22178,0.15870,
1642689834715834112,0.13249,0.43298,-0.14710,0.89565,-0.21031,0.18848,0.34359,-0.08790,0.18108,0.06814,
1642689834849167616,0.16141,0.38838,-0.17721,0.89949,-0.20578,0.20148,0.32860,-0.06459,-0.09555,-0.29934,
1642689835015834112,0.15265,0.36974,-0.23918,0.86192,-0.21495,0.26156,0.37747,0.08215,-0.21846,-0.33009,
1642689835049167360,0.15055,0.35959,-0.24688,0.85456,-0.21531,0.27859,0.38177,0.11577,-0.24771,-0.24723,
1642689835149167616,0.16347,0.33182,-0.25525,0.85830,-0.19293,0.30549,0.36438,0.20932,-0.28328,0.06417,
1642689835282500864,0.19973,0.30207,-0.21989,0.88900,-0.14166,0.27256,0.33960,0.29184,-0.20907,0.39328,
1642689835315834368,0.20998,0.29545,-0.20457,0.89448,-0.13442,0.26128,0.33699,0.28907,-0.19626,0.43460,
1642689835415834112,0.24388,0.27536,-0.15715,0.91100,-0.12145,0.23202,0.31859,0.25740,-0.19357,0.49526,
1642689835515834112,0.27175,0.25807,-0.10923,0.92461,-0.11019,0.21789,0.29238,0.28586,-0.19263,0.42262,
1642689835615834112,0.29907,0.23907,-0.07287,0.92286,-0.10582,0.21721,0.29993,0.31443,-0.26595,0.27548,
1642689835715834112,0.33687,0.20808,-0.05717,0.91859,-0.10206,0.21942,0.31248,0.31993,-0.34137,0.09605,
1642689835882500864,0.39236,0.14730,-0.05648,0.93301,-0.08225,0.22282,0.27033,0.32284,-0.38205,-0.09089,
1642689835949167616,0.41186,0.11735,-0.06708,0.93663,-0.07381,0.22833,0.25525,0.28689,-0.37484,-0.17514,
1642689836182500864,0.45533,0.05493,-0.13523,0.94888,-0.06463,0.23862,0.19627,0.06194,-0.12350,-0.40525,
1642689836215834112,0.45674,0.05169,-0.14581,0.95029,-0.06450,0.24339,0.18317,0.02701,-0.07547,-0.41805,
1642689836282500864,0.45863,0.05030,-0.17300,0.95130,-0.06493,0.25471,0.16105,-0.04446,0.00925,-0.45177,
1642689836349167616,0.45366,0.05407,-0.20295,0.95078,-0.06642,0.26322,0.14938,-0.11677,0.09260,-0.45592,
1642689836515834112,0.42349,0.09261,-0.27588,0.93613,-0.08617,0.29741,0.16670,-0.22715,0.33035,-0.39631,
1642689836615834112,0.39839,0.13389,-0.31755,0.92264,-0.09986,0.32018,0.19037,-0.32548,0.44308,-0.40482,
1642689836649167616,0.38444,0.15191,-0.32811,0.91740,-0.10465,0.32623,0.20249,-0.35232,0.48639,-0.38721,
1642689836682500864,0.37530,0.16820,-0.33850,0.91123,-0.11103,0.33311,0.21533,-0.36660,0.52275,-0.35147,
1642689836782500864,0.33374,0.22369,-0.36383,0.89011,-0.13699,0.35380,0.25251,-0.43445,0.57945,-0.22659,
1642689836882500864,0.28582,0.27853,-0.37759,0.87352,-0.15640,0.35284,0.29666,-0.44668,0.56550,-0.11331,
1642689836982500864,0.24189,0.33505,-0.38165,0.85415,-0.16927,0.34538,0.34998,-0.39228,0.52248,0.01098,
1642689837082500608,0.20580,0.38545,-0.37126,0.83266,-0.17494,0.33471,0.40503,-0.30190,0.43743,0.17065,
1642689837149167616,0.18450,0.41480,-0.35354,0.82574,-0.17210,0.32103,0.43067,-0.24999,0.35578,0.26375,
1642689837315834112,0.16527,0.46025,-0.28261,0.81942,-0.15700,0.28270,0.47327,0.03612,0.19255,0.51032,
1642689837415834112,0.17518,0.47543,-0.22656,0.82458,-0.14973,0.25348,0.48311,0.17922,0.07316,0.56326,
1642689837515834112,0.19562,0.48014,-0.17131,0.84364,-0.14153,0.22110,0.46835,0.30023,-0.05141,0.53171,
1642689837949167616,0.39170,0.36246,-0.05659,0.93881,-0.09290,0.16499,0.28772,0.51094,-0.42122,-0.08529,
1642689837982500864,0.41137,0.34717,-0.05999,0.94319,-0.08871,0.16870,0.27213,0.50261,-0.43292,-0.14656,
1642689838015834112,0.42678,0.33367,-0.06582,0.94719,-0.08443,0.17287,0.25655,0.48248,-0.43107,-0.20788,
1642689838049167360,0.44175,0.32061,-0.07152,0.95052,-0.08064,0.17805,0.24146,0.47102,-0.41669,-0.25692,
1642689838082500608,0.44454,0.29875,-0.09339,0.95307,-0.07744,0.18451,0.22721,0.43675,-0.40708,-0.32962,
1642689838215834112,0.49893,0.24941,-0.14735,0.95631,-0.06683,0.22431,0.17516,0.31872,-0.28519,-0.46606,
1642689838282500864,0.51716,0.23157,-0.17969,0.95423,-0.06214,0.24540,0.15923,0.22159,-0.19257,-0.51450,
1642689838515834112,0.53439,0.23116,-0.31234,0.94231,-0.05705,0.30782,0.11848,-0.11785,0.19244,-0.56878,
1642689838682500864,0.50377,0.28568,-0.39652,0.92662,-0.06484,0.34617,0.13167,-0.29273,0.51727,-0.43652,
1642689838749167360,0.48367,0.31886,-0.42476,0.92054,-0.07913,0.35619,0.13954,-0.37359,0.58901,-0.38565,
1642689838815834112,0.45993,0.35521,-0.44895,0.91265,-0.09358,0.36353,0.16173,-0.42119,0.63918,-0.32081,
1642689838849167360,0.44725,0.37201,-0.46092,0.90747,-0.10057,0.36702,0.17800,-0.43851,0.66362,-0.28634,
1642689838882500864,0.42760,0.39034,-0.46873,0.90179,-0.10790,0.36992,0.19569,-0.46962,0.68816,-0.24941,
1642689839082500608,0.32646,0.52879,-0.49794,0.86332,-0.15313,0.36589,0.31201,-0.49282,0.68266,-0.04274,
1642689839149167616,0.29603,0.56971,-0.49757,0.84510,-0.16588,0.36045,0.35827,-0.46184,0.65915,0.04846,
1642689839215834112,0.26475,0.61321,-0.49065,0.82519,-0.18263,0.35204,0.40222,-0.42030,0.61658,0.15737,
1642689839349167360,0.21611,0.68546,-0.45449,0.79035,-0.20028,0.32349,0.48019,-0.27289,0.42801,0.35948,
1642689839415834112,0.19031,0.71609,-0.42960,0.77723,-0.19374,0.30504,0.51510,-0.22060,0.33621,0.39369,
1642689839482500864,0.17052,0.73819,-0.40400,0.76994,-0.17965,0.28658,0.54110,-0.15060,0.26977,0.41073,
1642689839549167360,0.16743,0.75571,-0.37482,0.76858,-0.15813,0.27351,0.55631,-0.03905,0.24335,0.43654,
1642689839582500608,0.16706,0.76370,-0.35970,0.76895,-0.14621,0.26974,0.56087,0.01651,0.22668,0.46428,
1642689839849167360,0.18855,0.81576,-0.26579,0.77533,-0.12110,0.25390,0.56545,0.10315,0.08331,0.03695,
1642689839882500864,0.19254,0.80491,-0.25836,0.77755,-0.11941,0.25257,0.56335,0.10918,0.05319,-0.06334,
1642689839915834112,0.20425,0.81368,-0.26694,0.77864,-0.11803,0.25412,0.56144,0.13112,0.05340,-0.17363,
1642689840015834112,0.21099,0.82496,-0.30170,0.77482,-0.12411,0.27558,0.55525,0.11973,-0.00113,-0.45953,
1642689840249167360,0.25044,0.80326,-0.42581,0.76974,-0.15709,0.33499,0.52019,0.26821,-0.16600,-0.50158,
1642689840315834112,0.26930,0.79163,-0.45821,0.77495,-0.16146,0.35369,0.49828,0.34389,-0.22124,-0.47281,
1642689840449167616,0.31518,0.75215,-0.51199,0.78943,-0.14364,0.39314,0.44900,0.53982,-0.34115,-0.32370,
1642689840482500864,0.35005,0.73689,-0.52214,0.78876,-0.13460,0.40530,0.44213,0.58764,-0.37794,-0.26939,
1642689840549167360,0.39194,0.70757,-0.53571,0.79811,-0.11924,0.42447,0.41064,0.55621,-0.41269,-0.15255,
1642689840949167616,0.62531,0.55841,-0.46284,0.90362,-0.05067,0.38775,0.17479,0.44454,-0.13601,0.49382,
1642689840982500864,0.63764,0.53957,-0.44538,0.91005,-0.04996,0.37746,0.16383,0.41092,-0.08226,0.54436,
1642689841015834112,0.65834,0.53971,-0.42535,0.91597,-0.04882,0.36771,0.15302,0.39121,-0.01737,0.60204,
1642689841082500608,0.67312,0.53382,-0.38180,0.92605,-0.04722,0.34931,0.13485,0.25192,0.08164,0.71339,
1642689841282500864,0.69067,0.54985,-0.25099,0.94404,-0.05729,0.28178,0.16158,-0.09010,0.43304,0.52116,
1642689841315834112,0.69493,0.56165,-0.23232,0.94569,-0.06071,0.27040,0.16989,-0.13236,0.46507,0.46297,
1642689841415834112,0.67679,0.60928,-0.19286,0.94844,-0.06417,0.22980,0.20864,-0.28402,0.50438,0.28650,
1642689841549167360,0.64049,0.67953,-0.16908,0.94063,-0.06971,0.17696,0.28113,-0.33479,0.57724,0.05046,
1642689841682500864,0.60473,0.74478,-0.17754,0.91957,-0.07702,0.16731,0.34709,-0.27083,0.53631,-0.23367,
1642689841715834112,0.58895,0.76671,-0.18978,0.91314,-0.07521,0.17075,0.36245,-0.26179,0.51051,-0.30425,
1642689841749167360,0.57634,0.78690,-0.20096,0.90651,-0.07155,0.17550,0.37725,-0.25658,0.48229,-0.36673,
1642689841782500864,0.56332,0.79401,-0.21766,0.89937,-0.06738,0.18100,0.39221,-0.25653,0.44093,-0.42775,
1642689841882500608,0.52565,0.80308,-0.27191,0.87454,-0.06314,0.19906,0.43769,-0.24985,0.36021,-0.52055,
1642689841949167616,0.50547,0.82541,-0.30796,0.86014,-0.06901,0.21499,0.45736,-0.21299,0.32440,-0.54039,
1642689842015834112,0.48746,0.84872,-0.34347,0.85022,-0.07581,0.23503,0.46491,-0.13028,0.24698,-0.56207,
1642689842115834112,0.48590,0.86462,-0.40251,0.83322,-0.07455,0.27678,0.47284,0.03832,0.10957,-0.57829,
1642689842215834112,0.49509,0.87141,-0.46047,0.81493,-0.06165,0.32128,0.47841,0.15064,-0.00045,-0.56260,
1642689842382500608,0.53423,0.85888,-0.54429,0.82086,-0.07370,0.38952,0.41113,0.28291,-0.15751,-0.39376,
1642689842415834112,0.54759,0.84907,-0.55693,0.82411,-0.07774,0.39808,0.39539,0.32731,-0.20882,-0.35527,
1642689842582500608,0.60692,0.79629,-0.58805,0.85327,-0.07494,0.41329,0.30905,0.37384,-0.31045,-0.00056,
1642689842615834112,0.61973,0.78028,-0.58427,0.86306,-0.07322,0.40792,0.28875,0.38021,-0.33108,0.07032,
1642689842815834112,0.69244,0.72377,-0.54245,0.91102,-0.05437,0.35511,0.20245,0.35693,-0.26826,0.28502,
1642689842982500864,0.74579,0.69407,-0.49076,0.93483,-0.04625,0.31274,0.16169,0.24717,-0.11846,0.32357,
1642689843015834112,0.74765,0.67842,-0.47909,0.93780,-0.04529,0.30479,0.15993,0.21676,-0.10224,0.32792,
1642689843049167360,0.76556,0.69036,-0.47010,0.94004,-0.04473,0.29785,0.16000,0.20131,-0.05625,0.32669,
1642689843115834112,0.76889,0.68576,-0.44702,0.94357,-0.04381,0.28501,0.16289,0.12007,-0.00114,0.31113,
1642689843215834112,0.74735,0.66140,-0.40811,0.94897,-0.03727,0.26197,0.17157,-0.03711,0.02624,0.25607,
1642689843349167360,0.73616,0.66308,-0.37857,0.95050,-0.02356,0.22480,0.21322,-0.12303,0.04780,0.14459,
1642689843415834112,0.72662,0.66213,-0.36606,0.94976,-0.01826,0.20589,0.23500,-0.13367,0.06003,0.12468,
